AALI|Astra Agro Lestari Tbk.|1924688333|1924688333|137800|113900
ABBA|Mahaka Media Tbk.|2755125000|2755125000|0|0
ABDA|Asuransi Bina Dana Arta Tbk.|620806680|620806680|0|0
ABMM|ABM Investama Tbk.|2753165000|2753165000|0|0
ACES|Ace Hardware Indonesia Tbk.|17150000000|1715000000|13408100|17200300
ACST|Acset Indonusa Tbk.|700000000|700000000|0|1000
ADES|Akasha Wira International Tbk.|589896800|589896800|0|0
ADHI|Adhi Karya (Persero) Tbk.|3560849376|3560849376|17400700|9137900
ADMF|Adira Dinamika Multi Finance Tbk.|1000000000|1000000000|0|0
ADMG|Polychem Indonesia Tbk|3889179559|3889179559|0|0
ADRO|Adaro Energy Tbk.|31985962000|3198596200|15609880|37712551
AGII|Aneka Gas Industri Tbk.|3066660000|3066660000|0|1160700
AGRO|Bank Rakyat Indonesia Agroniaga Tbk.|15172454702|1517245470|310000|913000
AGRS|Bank Agris Tbk.|5203614878|5203614878|0|0
AHAP|Asuransi Harta Aman Pratama Tbk.|840000000|840000000|0|0
AIMS|Akbar Indo Makmur Stimec Tbk|220000000|220000000|0|0
AISA|Tiga Pilar Sejahtera Food Tbk.|3218600000|3218600000|184530|460230
AKKU|Anugerah Kagum Karya Utama Tbk.|6449463636|6449463636|0|0
AKPI|Argha Karya Prima Industry Tbk.|680000000|680000000|0|0
AKRA|AKR Corporindo Tbk.|3991781170|3991781170|3420483|1654362
AKSI|Majapahit Inti Corpora Tbk.|720000000|720000000|0|0
ALDO|Alkindo Naratama Tbk.|550000000|550000000|0|0
ALKA|Alakasa Industrindo Tbk|507665055|507665055|0|0
ALMI|Alumindo Light Metal Industry Tbk.|616000000|616000000|0|0
ALTO|Tri Banyan Tirta Tbk.|2186603355|2186603355|0|0
AMAG|Asuransi Multi Artha Guna Tbk.|5001552516|5001552516|0|10400
AMFG|Asahimas Flat Glass Tbk.|434000000|434000000|0|0
AMIN|Ateliers Mecaniques D Indonesie Tbk.|1080000000|1080000000|0|0
AMRT|Sumber Alfaria Trijaya Tbk.|41524501700|4152450170|16160400|7677200
ANJT|Austindo Nusantara Jaya Tbk.|3354175000|3354175000|0|0
ANTM|Aneka Tambang (Persero) Tbk.|24030764725|2403076472|675100|2452900
APEX|Apexindo Pratama Duta Tbk.|2659850000|2659850000|0|0
APIC|Pacific Strategic Financial Tbk.|11761995000|1176199500|0|509100
APII|Arita Prima Indonesia Tbk.|1075760000|1075760000|0|0
APLI|Asiaplast Industries Tbk.|1500000000|1500000000|0|0
APLN|Agung Podomoro Land Tbk.|20500900000|2050090000|2219400|5885500
APOL|Arpeni Pratama Ocean Line Tbk.|8670479000|8670479000|0|0
ARGO|Argo Pantes Tbk|335557450|335557450|0|0
ARII|Atlas Resources Tbk.|3000000000|3000000000|0|0
ARNA|Arwana Citramulia Tbk.|7341430976|7341430976|606500|786200
ARTA|Arthavest Tbk|446674175|446674175|0|0
ARTI|Ratu Prabu Energi Tbk|7840000000|7840000000|700|825900
ARTO|Bank Artos Indonesia Tbk.|1194187500|1194187500|0|0
ASBI|Asuransi Bintang Tbk.|348386472|348386472|0|0
ASDM|Asuransi Dayin Mitra Tbk.|192000000|192000000|0|0
ASGR|Astra Graphia Tbk.|1348780500|1348780500|20300|0
ASII|Astra International Tbk.|40483553140|4048355314|42238500|57302430
ASJT|Asuransi Jasa Tania Tbk.|600000000|600000000|0|0
ASMI|Asuransi Kresna Mitra Tbk.|8958380460|8958380460|0|302100
ASRI|Alam Sutera Realty Tbk.|19649411888|1964941188|2246700|8675400
ASRM|Asuransi Ramayana Tbk.|214559422|214559422|0|0
ASSA|Adi Sarana Armada Tbk.|3397500000|3397500000|32500|0
ATIC|Anabatic Technologies Tbk.|1875010000|1875010000|0|0
ATPK|Bara Jaya Internasional Tbk.|5760245414|5760245414|0|0
AUTO|Astra Otoparts Tbk.|4819733000|4819733000|4000600|4004800
BABP|Bank MNC Internasional Tbk.|20375650599|2037565059|0|300000
BACA|Bank Capital Indonesia Tbk.|6968436500|6968436500|0|0
BAJA|Saranacentral Bajatama Tbk.|1800000000|1800000000|0|0
BALI|Bali Towerindo Sentra Tbk.|3634106600|3634106600|0|0
BAPA|Bekasi Asri Pemula Tbk.|661784520|661784520|0|0
BATA|Sepatu Bata Tbk.|1300000000|1300000000|0|0
BAYU|Bayu Buana Tbk|353220780|353220780|0|0
BBCA|Bank Central Asia Tbk.|24408459120|2440845912|23596855|14544125
BBHI|Bank Harda Internasional Tbk.|3613500000|3613500000|0|0
BBKP|Bank Bukopin Tbk.|8995754228|8995754228|262200|714000
BBLD|Buana Finance Tbk.|1645796054|1645796054|0|0
BBMD|Bank Mestika Dharma Tbk.|4049189100|4049189100|0|0
BBNI|Bank Negara Indonesia (Persero) Tbk.|18462169893|1846216989|20335793|51710539
BBNP|Bank Nusantara Parahyangan Tbk.|670065543|670065543|0|0
BBRI|Bank Rakyat Indonesia (Persero) Tbk.|24422470380|2442247038|23381830|17811642
BBRM|Pelayaran Nasional Bina Buana Raya Tbk.|5367076248|5367076248|6301700|0
BBTN|Bank Tabungan Negara (Persero) Tbk.|10484100000|1048410000|13196518|13350418
BBYB|Bank Yudha Bhakti Tbk.|4163524530|4163524530|0|0
BCAP|MNC Kapital Indonesia Tbk.|5472838318|5472838318|0|1500
BCIC|Bank JTrust Indonesia Tbk.|28066675536|2806667553|0|0
BCIP|Bumi Citra Permai Tbk.|1429915525|1429915525|0|300000
BDMN|Bank Danamon Indonesia Tbk.|9488796931|9488796931|1649000|3554386
BEKS|Bank Pembangunan Daerah Banten Tbk.|63468336053|6346833605|1000000|2500000
BEST|Bekasi Fajar Industrial Estate Tbk.|9647311150|9647311150|4699000|19780800
BFIN|BFI Finance  Indonesia Tbk.|1596711562|1596711562|0|0
BGTG|Bank Ganesha Tbk.|11063309400|1106330940|0|0
BHIT|MNC Investama Tbk.|48057050367|4805705036|37487500|49064600
BIKA|Binakarya Jaya Abadi Tbk.|592280000|592280000|0|0
BIMA|Primarindo Asia Infrastructure Tbk.|608175716|608175716|0|0
BINA|Bank Ina Perdana Tbk.|2697750000|2697750000|0|0
BIPI|Benakat Integra Tbk.|36508170014|3650817001|4300000|50950000
BIPP|Bhuwanatala Indah Permai Tbk.|4669648582|4669648582|0|0
BIRD|Blue Bird Tbk.|2502100000|2502100000|0|0
BISI|BISI International Tbk.|3000000000|3000000000|14300|0
BJBR|Bank Pembangunan Daerah Jawa Barat dan B|9599328254|9599328254|4688094|569194
BJTM|Bank Pembangunan Daerah Jawa Timur Tbk.|14795782006|1479578200|7100900|17440900
BKDP|Bukit Darmo Property Tbk|7315022252|7315022252|0|0
BKSL|Sentul City Tbk.|34536595510|3453659551|5699500|5000000
BKSW|Bank QNB Indonesia Tbk.|8669574538|8669574538|0|0
BLTA|Berlian Laju Tanker Tbk|23483317538|2348331753|0|0
BLTZ|Graha Layar Prima Tbk.|436968571|436968571|0|0
BMAS|Bank Maspion Indonesia Tbk.|4399026922|4399026922|0|0
BMRI|Bank Mandiri (Persero) Tbk.|23099999999|2309999999|49189300|36027288
BMSR|Bintang Mitra Semestaraya Tbk|1159200024|1159200024|0|0
BMTR|Global Mediacom Tbk.|14198621422|1419862142|38675500|46129300
BNBA|Bank Bumi Arta Tbk.|2286900000|2286900000|0|313700
BNBR|Bakrie & Brothers Tbk|97021717528|9702171752|0|400000
BNGA|Bank CIMB Niaga Tbk.|24880290775|2488029077|8096919|8196700
BNII|Bank Maybank Indonesia Tbk.|67068027368|6706802736|0|315000
BNLI|Bank Permata Tbk.|22116530753|2211653075|669900|1790500
BOGA|Bintang Oto Global Tbk.|3800000000|3800000000|0|0
BOLT|Garuda Metalindo Tbk.|2343750000|2343750000|149850000|0
BORN|Borneo Lumbung Energi & Metal Tbk.|17693000000|1769300000|0|0
BPFI|Batavia Prosperindo Finance Tbk.|1360627100|1360627100|0|0
BPII|Batavia Prosperindo Internasional Tbk.|514010900|514010900|0|6100
BRAM|Indo Kordsa Tbk.|450000000|450000000|0|0
BRAU|Berau Coal Energy Tbk.|34900000000|3490000000|0|0
BRMS|Bumi Resources Minerals Tbk.|25570150644|2557015064|15294400|25800100
BRNA|Berlina Tbk.|979110000|979110000|0|0
BRPT|Barito Pacific Tbk.|6979892784|6979892784|4761100|718600
BSDE|Bumi Serpong Damai Tbk.|19246696192|1924669619|5393856|8322407
BSIM|Bank Sinarmas Tbk.|15053796056|1505379605|0|0
BSSR|Baramulti Suksessarana Tbk.|2616500000|2616500000|0|0
BSWD|Bank Of India Indonesia Tbk.|1031184000|1031184000|0|0
BTEK|Bumi Teknokultura Unggul Tbk|5784687047|5784687047|800|0
BTEL|Bakrie Telecom Tbk.|30584590655|3058459065|0|0
BTON|Betonjaya Manunggal Tbk.|720000000|720000000|0|0
BTPN|Bank Tabungan Pensiunan Nasional Tbk.|5781884384|5781884384|0|13100
BUDI|Budi Starch & Sweetener Tbk.|4498997362|4498997362|0|39667748
BUKK|Bukaka Teknik Utama Tbk.|2640452000|2640452000|400|0
BULL|Buana Listya Tama Tbk.|2426895677|2426895677|326244818|326244818
BUMI|Bumi Resources Tbk.|36627020427|3662702042|44777800|45345500
BUVA|Bukit Uluwatu Villa Tbk.|3405634600|3405634600|0|500
BVIC|Bank Victoria International Tbk.|8592141624|8592141624|0|115000
BWPT|Eagle High Plantations Tbk.|31525291000|3152529100|2306500|13477000
BYAN|Bayan Resources Tbk.|3333333500|3333333500|1000|1000
CANI|Capitol Nusantara Indonesia Tbk.|833440000|833440000|0|0
CASA|Capital Financial Indonesia Tbk.|11553076300|1155307630|29500200|100
CASS|Cardig Aero Services Tbk.|2086950000|2086950000|28600|0
CEKA|Wilmar Cahaya Indonesia Tbk.|595000000|595000000|0|0
CENT|Centratama Telekomunikasi Indonesia Tbk.|31183464900|3118346490|0|172100
CFIN|Clipan Finance Indonesia Tbk.|3984520457|3984520457|0|0
CINT|Chitose Internasional Tbk.|1000000000|1000000000|0|0
CITA|Cita Mineral Investindo Tbk.|3370734900|3370734900|0|0
CKRA|Cakra Mineral Tbk.|5106021090|5106021090|21000|46000
CLPI|Colorpak Indonesia Tbk.|306338500|306338500|0|0
CMNP|Citra Marga Nusaphala Persada Tbk.|3345831944|3345831944|0|0
CMPP|Rimau Multi Putra Pratama Tbk.|216000000|216000000|0|0
CNKO|Exploitasi Energi Indonesia Tbk.|8956361206|8956361206|0|1900000
CNTB|Saham Seri B ( Centex Tbk )|130000000|130000000|0|0
CNTX|Century Textile Industry Tbk.|70000000|70000000|0|0
COWL|Cowell Development Tbk.|4871214021|4871214021|0|0
CPGT|Citra Maharlika Nusantara Corpora Tbk.|3972222100|3972222100|0|0
CPIN|Charoen Pokphand Indonesia Tbk|16398000000|1639800000|4122100|3063961
CPRO|Central Proteina Prima Tbk.|40470734746|4047073474|50000|0
CSAP|Catur Sentosa Adiprana Tbk.|4053052920|4053052920|40000|0
CTBN|Citra Tubindo Tbk.|800371500|800371500|0|0
CTRA|Ciputra Development Tbk.|18560303397|1856030339|4990878|5522978
CTTH|Citatah Tbk.|1230839821|1230839821|0|0
DAJK|Dwi Aneka Jaya Kemasindo Tbk.|2500000000|2500000000|0|4000
DART|Duta Anggada Realty Tbk.|3141390962|3141390962|0|0
DAYA|Duta Intidaya Tbk.|2078439000|2078439000|0|0
DEFI|Danasupra Erapacific Tbk|676000000|676000000|0|0
DEWA|Darma Henwa Tbk|21853733792|2185373379|1390000|18393000
DGIK|Nusa Konstruksi Enjiniring Tbk.|5541165000|5541165000|0|0
DILD|Intiland Development Tbk.|10365854185|1036585418|10467500|15096400
DKFT|Central Omega Resources Tbk.|5638246600|5638246600|0|0
DLTA|Delta Djakarta Tbk.|800659050|800659050|0|0
DMAS|Puradelta Lestari Tbk.|48198111100|4819811110|5876000|4563500
DNAR|Bank Dinar Indonesia Tbk.|2227500000|2227500000|0|0
DNET|Indoritel Makmur Internasional Tbk.|14184000000|1418400000|0|0
DOID|Delta Dunia Makmur Tbk.|8325016732|8325016732|3495700|2901800
DPNS|Duta Pertiwi Nusantara Tbk.|331129952|331129952|0|0
DPUM|Dua Putra Utama Makmur Tbk.|4175000000|4175000000|0|393000
DSFI|Dharma Samudera Fishing Industries Tbk.|1857135500|1857135500|0|0
DSNG|Dharma Satya Nusantara Tbk.|10599842400|1059984240|0|165000
DSSA|Dian Swastatika Sentosa Tbk|770552320|770552320|2000|3000
DUTI|Duta Pertiwi Tbk|1850000000|1850000000|0|0
DVLA|Darya-Varia Laboratoria Tbk.|1120000000|1120000000|0|10000
DYAN|Dyandra Media International Tbk.|4272964279|4272964279|0|4200
ECII|Electronic City Indonesia Tbk.|1334333000|1334333000|0|0
EKAD|Ekadharma International Tbk.|698775000|698775000|0|0
ELSA|Elnusa Tbk.|7298500000|7298500000|2859800|3747100
ELTY|Bakrieland Development Tbk.|43521913019|4352191301|58355100|7688500
EMDE|Megapolitan Developments Tbk.|3350000000|3350000000|2700000|1869200
EMTK|Elang Mahkota Teknologi Tbk.|5640032442|5640032442|4000|12000
ENRG|Energi Mega Persada Tbk.|49106783762|4910678376|498358800|98112000
EPMT|Enseval Putera Megatrading Tbk.|2708640000|2708640000|0|0
ERAA|Erajaya Swasembada Tbk.|2900000000|2900000000|710000|5036700
ERTX|Eratex Djaja Tbk.|1286539792|1286539792|0|0
ESSA|Surya Esa Perkasa Tbk.|1100000000|1100000000|0|0
ESTI|Ever Shine Tex Tbk.|2015208720|2015208720|0|0
ETWA|Eterindo Wahanatama Tbk|968297000|968297000|0|0
EXCL|XL Axiata Tbk.|10687960423|1068796042|7447700|9745210
FAST|Fast Food Indonesia Tbk.|1995138579|1995138579|0|200
FASW|Fajar Surya Wisesa Tbk.|2477888787|2477888787|0|0
FISH|FKS Multi Agro Tbk.|480000000|480000000|0|0
FMII|Fortune Mate Indonesia Tbk|2721000000|2721000000|0|0
FORU|Fortune Indonesia Tbk|465224000|465224000|0|0
FPNI|Lotte Chemical Titan Tbk.|5566414000|5566414000|0|0
FREN|Smartfren Telecom Tbk.|103705870101|1037058701|0|0
GAMA|Gading Development Tbk.|10011027656|1001102765|0|405000
GDST|Gunawan Dianjaya Steel Tbk.|8200000000|8200000000|0|0
GDYR|Goodyear Indonesia Tbk.|410000000|410000000|0|0
GEMA|Gema Grahasarana Tbk.|320000000|320000000|0|0
GEMS|Golden Energy Mines Tbk.|5882353000|5882353000|0|0
GGRM|Gudang Garam Tbk.|1924088000|1924088000|941774|670355
GIAA|Garuda Indonesia (Persero) Tbk.|25886576254|2588657625|500000|155000
GJTL|Gajah Tunggal Tbk.|3484800000|3484800000|1325400|1033600
GLOB|Global Teleshop Tbk.|1111112000|1111112000|0|0
GMCW|Grahamas Citrawisata Tbk.|58839958|58839958|0|0
GMTD|Gowa Makassar Tourism Development Tbk.|101538000|101538000|0|0
GOLD|Visi Telekomunikasi Infrastruktur Tbk.|314600000|314600000|0|0
GOLL|Golden Plantation Tbk.|3665000009|3665000009|0|0
GPRA|Perdana Gapuraprima Tbk.|4276655336|4276655336|0|0
GREN|Evergreen Invesco Tbk.|4694111791|4694111791|0|0
GSMF|Equity Development Investment Tbk.|7454723337|7454723337|0|0
GTBO|Garda Tujuh Buana Tbk|2500000000|2500000000|0|0
GWSA|Greenwood Sejahtera Tbk.|7800760000|7800760000|0|0
GZCO|Gozco Plantations Tbk.|6000000000|6000000000|0|9100000
HADE|HD Capital Tbk|2120000000|2120000000|0|0
HDFA|Radana Bhaskara Finance Tbk.|2329668917|2329668917|0|0
HDTX|Panasia Indo Resources Tbk.|3601462800|3601462800|0|0
HERO|Hero Supermarket Tbk.|4183634000|4183634000|38300|0
HEXA|Hexindo Adiperkasa Tbk.|840000000|840000000|0|107600
HITS|Humpuss Intermoda Transportasi Tbk.|7101084801|7101084801|0|0
HMSP|H.M. Sampoerna Tbk.|116318076900|1163180769|14380921|8988249
HOME|Hotel Mandarine Regency Tbk.|2266550488|2266550488|0|0
HOTL|Saraswati Griya Lestari Tbk.|3550000250|3550000250|0|0
HRUM|Harum Energy Tbk.|2703620000|2703620000|344900|3000
IATA|Indonesia Transport & Infrastructure Tbk|9326826088|9326826088|0|1100000
IBFN|Intan Baruprana Finance Tbk.|3173720000|3173720000|0|0
IBST|Inti Bangun Sejahtera Tbk.|1350904927|1350904927|0|0
ICBP|Indofood CBP Sukses Makmur Tbk.|11661908000|1166190800|15837900|821672
ICON|Island Concepts Indonesia Tbk.|1089750000|1089750000|0|0
IDPR|Indonesia Pondasi Raya Tbk.|2003000000|2003000000|44000|118500
IGAR|Champion Pacific Indonesia Tbk.|972204500|972204500|0|0
IIKP|Inti Agri Resources Tbk|3360000000|3360000000|1000|1000
IKAI|Intikeramik Alamasri Industri Tbk.|791383786|791383786|0|0
IKBI|Sumi Indo Kabel Tbk.|1224000000|1224000000|0|0
IMAS|Indomobil Sukses Internasional Tbk.|2765278412|2765278412|40000|18000
IMJS|Indomobil Multi Jasa Tbk.|4325000000|4325000000|0|0
IMPC|Impack Pratama Industri Tbk.|4833500000|4833500000|0|0
INAF|Indofarma Tbk.|3099267500|3099267500|5000|0
INAI|Indal Aluminium Industry Tbk.|316800000|316800000|0|0
INCF|Indo Komoditi Korpora Tbk.|1438370465|1438370465|0|0
INCI|Intanwijaya Internasional Tbk|181035556|181035556|0|0
INCO|Vale Indonesia Tbk.|9936338720|9936338720|3442501|1607071
INDF|Indofood Sukses Makmur Tbk.|8780426500|8780426500|2773900|5626802
INDR|Indo-Rama Synthetics Tbk.|654351707|654351707|0|0
INDS|Indospring Tbk.|656249710|656249710|0|0
INDX|Tanah Laut Tbk|437913588|437913588|0|20000
INDY|Indika Energy Tbk.|5210192000|5210192000|0|24500
INKP|Indah Kiat Pulp & Paper Tbk.|5470982941|5470982941|322200|37500
INPC|Bank Artha Graha Internasional Tbk.|15638231119|1563823111|0|0
INPP|Indonesian Paradise Property Tbk.|11181971732|1118197173|0|0
INRU|Toba Pulp Lestari Tbk.|1388883283|1388883283|0|0
INTA|Intraco Penta Tbk.|2160029220|2160029220|0|0
INTD|Inter Delta Tbk|118365600|118365600|0|0
INTP|Indocement Tunggal Prakarsa Tbk.|3681231699|3681231699|1119000|1265074
INVS|Inovisi Infracom Tbk.|9990273135|9990273135|0|0
IPOL|Indopoly Swakarsa Industry Tbk.|6443379509|6443379509|1635000|0
ISAT|Indosat Tbk.|5433933500|5433933500|183300|261600
ISSP|Steel Pipe Industry of Indonesia Tbk.|7185992035|7185992035|41600|0
ITMA|Sumber Energi Andalan Tbk.|680000000|680000000|0|0
ITMG|Indo Tambangraya Megah Tbk.|1129925000|1129925000|792100|294700
ITTG|Leo Investments Tbk.|1379000000|1379000000|0|0
JAWA|Jaya Agra Wattie Tbk.|3774685500|3774685500|155400|100000
JECC|Jembo Cable Company Tbk.|151200000|151200000|0|59000
JGLE|Graha Andrasentra Propertindo Tbk.|22581909405|2258190940|5000|10000
JIHD|Jakarta International Hotels & Developme|2329040482|2329040482|149000|0
JKON|Jaya Konstruksi Manggala Pratama Tbk.|16308519860|1630851986|0|0
JKSW|Jakarta Kyoei Steel Works Tbk.|150000000|150000000|0|0
JPFA|Japfa Comfeed Indonesia Tbk.|11410522910|1141052291|4518900|4639600
JPRS|Jaya Pari Steel Tbk|750000000|750000000|0|0
JRPT|Jaya Real Property Tbk.|13750000000|1375000000|0|0
JSMR|Jasa Marga (Persero) Tbk.|7257871200|7257871200|5231700|2828644
JSPT|Jakarta Setiabudi Internasional Tbk.|2318736000|2318736000|0|0
JTPE|Jasuindo Tiga Perkasa Tbk.|1713012500|1713012500|0|0
KAEF|Kimia Farma Tbk.|5554000000|5554000000|50900|25000
KARW|ICTSI Jasa Prima Tbk.|587152700|587152700|0|0
KBLI|KMI Wire & Cable Tbk.|4007235107|4007235107|100000|1606300
KBLM|Kabelindo Murni Tbk.|1120000000|1120000000|0|0
KBLV|First Media Tbk.|1742167907|1742167907|0|0
KBRI|Kertas Basuki Rachmat Indonesia Tbk.|8687995734|8687995734|0|0
KDSI|Kedawung Setia Industrial Tbk.|405000000|405000000|0|0
KIAS|Keramika Indonesia Assosiasi Tbk.|14929100000|1492910000|0|31700
KICI|Kedaung Indah Can Tbk|276000000|276000000|0|0
KIJA|Kawasan Industri Jababeka Tbk.|20662178685|2066217868|915900|7626300
KINO|Kino Indonesia Tbk.|1428571500|1428571500|0|41400
KKGI|Resource Alam Indonesia Tbk.|1000000000|1000000000|20000|289400
KLBF|Kalbe Farma Tbk.|46875122110|4687512211|24102300|20458248
KOBX|Kobexindo Tractors Tbk.|2272500000|2272500000|0|0
KOIN|Kokoh Inti Arebama Tbk|980843732|980843732|0|0
KONI|Perdana Bangun Pusaka Tbk|152000000|152000000|0|0
KOPI|Mitra Energi Persada Tbk.|697266668|697266668|0|0
KPIG|MNC Land Tbk.|6891067237|6891067237|11347400|7768800
KRAH|Grand Kartech Tbk.|971190000|971190000|0|0
KRAS|Krakatau Steel (Persero) Tbk.|19346396900|1934639690|805400|1469900
KREN|Kresna Graha Investama Tbk.|18208470100|1820847010|1550700|920500
LAMI|Lamicitra Nusantara Tbk.|1148418000|1148418000|0|0
LAPD|Leyand International Tbk.|3966350139|3966350139|100000|280000
LCGP|Eureka Prima Jakarta Tbk.|5630000914|5630000914|25000|0
LEAD|Logindo Samudramakmur Tbk.|2577028572|2577028572|0|0
LINK|Link Net Tbk.|3042649384|3042649384|675800|431300
LION|Lion Metal Works Tbk.|520160000|520160000|0|0
LMAS|Limas Indonesia Makmur Tbk|787851525|787851525|100000|0
LMPI|Langgeng Makmur Industri Tbk.|1008517669|1008517669|0|0
LMSH|Lionmesh Prima Tbk.|96000000|96000000|0|0
LPCK|Lippo Cikarang Tbk|696000000|696000000|340700|236500
LPGI|Lippo General Insurance Tbk.|150000000|150000000|300|0
LPIN|Multi Prima Sejahtera Tbk|21250000|21250000|0|0
LPKR|Lippo Karawaci Tbk.|23077689619|2307768961|32396600|40585488
LPLI|Star Pacific Tbk|1170432803|1170432803|0|0
LPPF|Matahari Department Store Tbk.|2917918080|2917918080|19413951|20762239
LPPS|Lippo Securities Tbk.|2588250000|2588250000|0|0
LRNA|Eka Sari Lorena Transport Tbk.|350000022|350000022|0|0
LSIP|PP London Sumatra Indonesia Tbk.|6822863965|6822863965|396800|18716700
LTLS|Lautan Luas Tbk.|1560000000|1560000000|0|0
MAGP|Multi Agro Gemilang Plantation Tbk.|9000000004|9000000004|0|0
MAIN|Malindo Feedmill Tbk.|2238750000|2238750000|225000|0
MAMI|Mas Murni Indonesia Tbk|3307239903|3307239903|0|200000
MAMIP|Mas Murni Tbk (Saham Preferen)|6000000|6000000|0|0
MAPI|Mitra Adiperkasa Tbk.|1660000000|1660000000|1805800|1128700
MARI|Mahaka Radio Integra Tbk.|525264400|525264400|0|0
MASA|Multistrada Arah Sarana Tbk.|9182946945|9182946945|410800|140000
MAYA|Bank Mayapada Internasional Tbk.|4870142382|4870142382|0|0
MBAP|Mitrabara Adiperdana Tbk.|1227271952|1227271952|0|0
MBSS|Mitrabahtera Segara Sejati Tbk.|1750026639|1750026639|1000|0
MBTO|Martina Berto Tbk.|1070000000|1070000000|0|0
MCOR|Bank Windu Kentjana International Tbk.|16465148150|1646514815|1065000|0
MDIA|Intermedia Capital Tbk.|3921553840|3921553840|0|0
MDKA|Merdeka Copper Gold Tbk.|3569587140|3569587140|0|0
MDLN|Modernland Realty Tbk.|12533067322|1253306732|2719000|1780100
MDRN|Modern Internasional Tbk.|4574697999|4574697999|0|1314500
MEDC|Medco Energi Internasional Tbk.|3332451450|3332451450|4136800|1059000
MEGA|Bank Mega Tbk.|6894138227|6894138227|11200|0
MERK|Merck Tbk.|448000000|448000000|0|0
META|Nusantara Infrastructure Tbk.|15235671880|1523567188|1049200|0
MFIN|Mandala Multifinance Tbk.|1325000000|1325000000|0|25000
MFMI|Multifiling Mitra Indonesia Tbk.|757581000|757581000|0|0
MGNA|Magna Finance Tbk.|1002888735|1002888735|0|0
MICE|Multi Indocitra Tbk.|600000000|600000000|0|10000
MIDI|Midi Utama Indonesia Tbk.|2882353000|2882353000|0|60000
MIKA|Mitra Keluarga Karyasehat Tbk.|14550736000|1455073600|489500|864300
MIRA|Mitra International Resources Tbk.|3961452039|3961452039|0|125000
MITI|Mitra Investindo Tbk.|1411550800|1411550800|108300|463200
MKNT|Mitra Komunikasi Nusantara Tbk.|1000000000|1000000000|0|0
MKPI|Metropolitan Kentjana Tbk.|948194000|948194000|0|0
MLBI|Multi Bintang Indonesia Tbk.|2107000000|2107000000|0|0
MLIA|Mulia Industrindo Tbk|1323000000|1323000000|0|0
MLPL|Multipolar Tbk.|10064747323|1006474732|1287900|7158100
MLPT|Multipolar Technology Tbk.|1875000000|1875000000|0|0
MMLP|Mega Manunggal Property Tbk.|5714285000|5714285000|0|223700
MNCN|Media Nusantara Citra Tbk.|14276103500|1427610350|26570854|22186616
MPMX|Mitra Pinasthika Mustika Tbk.|4462963276|4462963276|4500|1200
MPPA|Matahari Putra Prima Tbk.|5377962800|5377962800|2902800|490400
MRAT|Mustika Ratu Tbk.|428000000|428000000|0|0
MREI|Maskapai Reasuransi Indonesia Tbk.|388343761|388343761|0|0
MSKY|MNC Sky Vision Tbk.|1554053720|1554053720|350100|351100
MTDL|Metrodata Electronics Tbk.|2376172964|2376172964|22300|5000
MTFN|Capitalinc Investment Tbk.|31842082852|3184208285|5100000|200
MTLA|Metropolitan Land Tbk.|7655126330|7655126330|191900|874900
MTRA|Mitra Pemuda Tbk.|770000000|770000000|0|0
MTSM|Metro Realty Tbk.|232848000|232848000|0|0
MYOH|Samindo Resources Tbk.|2206312500|2206312500|300000|0
MYOR|Mayora Indah Tbk.|22358699725|2235869972|359000|8500
MYRX|Hanson International Tbk.|78719201175|7871920117|7657600|49814600
MYRXP|Saham Seri B Hanson International Tbk.|1120995000|1120995000|0|0
MYTX|Asia Pacific Investama Tbk.|1466666577|1466666577|0|0
NAGA|Bank Mitraniaga Tbk.|1612710000|1612710000|0|0
NELY|Pelayaran Nelly Dwi Putri Tbk.|2350000000|2350000000|0|0
NIKL|Pelat Timah Nusantara Tbk.|2523350000|2523350000|191100|2500
NIPS|Nipress Tbk.|1635333332|1635333332|0|0
NIRO|Nirvana Development Tbk.|22198871804|2219887180|0|0
NISP|Bank OCBC NISP Tbk.|11357888016|1135788801|0|0
NOBU|Bank Nationalnobu Tbk.|4393533177|4393533177|0|0
NRCA|Nusa Raya Cipta Tbk.|2496258344|2496258344|0|0
OASA|Protech Mitra Perkasa Tbk.|358600000|358600000|0|0
OCAP|Onix Capital Tbk.|273200000|273200000|0|0
OKAS|Ancora Indonesia Resources Tbk.|1765927777|1765927777|0|0
OMRE|Indonesia Prima Property Tbk|1745000000|1745000000|0|0
PADI|Minna Padi Investama Tbk.|11307246524|1130724652|0|0
PALM|Provident Agro Tbk.|7119540356|7119540356|0|0
PANR|Panorama Sentrawisata Tbk.|1200000000|1200000000|0|0
PANS|Panin Sekuritas Tbk.|720000000|720000000|0|800
PBRX|Pan Brothers Tbk.|6478295611|6478295611|1584200|671100
PBSA|Paramita Bangun Sarana Tbk.|1500000000|1500000000|0|0
PDES|Destinasi Tirta Nusantara Tbk|715000000|715000000|0|0
PEGE|Panca Global Securities Tbk.|708354264|708354264|0|0
PGAS|Perusahaan Gas Negara (Persero) Tbk.|24241508196|2424150819|13824000|17072178
PGLI|Pembangunan Graha Lestari Indah Tbk.|488000000|488000000|0|0
PICO|Pelangi Indah Canindo Tbk|568375000|568375000|0|0
PJAA|Pembangunan Jaya Ancol Tbk.|1599999996|1599999996|0|0
PKPK|Perdana Karya Perkasa Tbk|600000000|600000000|0|0
PLAS|Polaris Investama Tbk|1184200000|1184200000|68220000|600
PLIN|Plaza Indonesia Realty Tbk.|3550000000|3550000000|0|0
PNBN|Bank Pan Indonesia Tbk|23837645998|2383764599|1416600|4771100
PNBS|Bank Panin Syariah Tbk.|10088335256|1008833525|2450000|0
PNIN|Paninvest Tbk.|4068323920|4068323920|0|12000
PNLF|Panin Financial Tbk.|32022073293|3202207329|496112300|519787000
PNSE|Pudjiadi & Sons Tbk.|797813496|797813496|0|0
POLY|Asia Pacific Fibers Tbk|2495753334|2495753334|0|1000000
POOL|Pool Advista Indonesia Tbk.|1799952032|1799952032|0|0
POWR|Cikarang Listrindo Tbk.|16087156000|1608715600|21004700|12867800
PPRO|PP Properti Tbk.|56177624000|5617762400|1402900|8915000
PRAS|Prima Alloy Steel Universal Tbk.|701043478|701043478|0|0
PRDA|Prodia Widyahusada Tbk.|937500000|937500000|600|0
PSAB|J Resources Asia Pasifik Tbk.|26460000000|2646000000|0|258200
PSDN|Prasidha Aneka Niaga Tbk|1440000000|1440000000|0|0
PSKT|Red Planet Indonesia Tbk.|6813805135|6813805135|0|0
PTBA|Tambang Batubara Bukit Asam (Persero) Tb|2304131850|2304131850|1047730|1157830
PTIS|Indo Straits Tbk.|550165300|550165300|0|0
PTPP|PP (Persero) Tbk.|6199897354|6199897354|11413369|10276900
PTRO|Petrosea Tbk.|1008605000|1008605000|46000|0
PTSN|Sat Nusapersada Tbk|1771448000|1771448000|0|0
PTSP|Pioneerindo Gourmet International Tbk.|220808000|220808000|0|0
PUDP|Pudjiadi Prestige Tbk.|329560000|329560000|0|0
PWON|Pakuwon Jati Tbk.|48159602400|4815960240|23972000|30342189
PYFA|Pyridam Farma Tbk|535080000|535080000|0|0
R-ABFII|Asian Bond Fund - Indonesia Bond Index F|100789165|100789165|0|0
R-LQ45X|Premier ETF LQ-45 (R-LQ45X)|698700000|698700000|0|0
RAJA|Rukun Raharja Tbk.|4077082500|4077082500|0|0
RALS|Ramayana Lestari Sentosa Tbk.|7096000000|7096000000|3952000|3775900
RANC|Supra Boga Lestari Tbk.|1564487500|1564487500|0|0
RBMS|Ristia Bintang Mahkotasejati Tbk.|326722500|326722500|0|0
RDTX|Roda Vivatex Tbk|268800000|268800000|0|0
RELI|Reliance Securities Tbk|1800000000|1800000000|0|0
RICY|Ricky Putra Globalindo Tbk|641717510|641717510|0|0
RIGS|Rig Tenders Indonesia Tbk.|609130000|609130000|0|0
RIMO|Rimo International Lestari Tbk|340000000|340000000|0|0
RMBA|Bentoel Internasional Investama Tbk.|36401136250|3640113625|0|0
RODA|Pikko Land Development Tbk.|13592128209|1359212820|0|0
ROTI|Nippon Indosari Corpindo Tbk.|5061800000|5061800000|207000|14000
RUIS|Radiant Utama Interinsco Tbk.|770000000|770000000|0|0
SAFE|Steady Safe Tbk|615145012|615145012|0|0
SAME|Sarana Meditama Metropolitan Tbk.|1180000000|1180000000|50900|3200
SCBD|Danayasa Arthatama Tbk.|3322092000|3322092000|0|0
SCCO|Supreme Cable Manufacturing & Commerce T|205583400|205583400|0|0
SCMA|Surya Citra Media Tbk.|14621601234|1462160123|9952940|10545062
SCPI|Merck Sharp Dohme Pharma Tbk.|3600000|3600000|0|0
SDMU|Sidomulyo Selaras Tbk.|1135225000|1135225000|0|0
SDPC|Millennium Pharmacon International Tbk.|728000000|728000000|0|0
SDRA|Bank Woori Saudara Indonesia 1906 Tbk.|5021633094|5021633094|0|0
SGRO|Sampoerna Agro Tbk.|1890000000|1890000000|265900|0
SHID|Hotel Sahid Jaya International Tbk.|1119326168|1119326168|0|0
SHIP|Sillo Maritime Perdana Tbk.|2500000000|2500000000|0|0
SIAP|Sekawan Intipratama Tbk|24000000000|2400000000|0|0
SIDO|Industri Jamu dan Farmasi Sido Muncul Tb|15000000000|1500000000|0|0
SILO|Siloam International Hospitals Tbk.|1300612500|1300612500|408300|71600
SIMA|Siwani Makmur Tbk|442589871|442589871|0|0
SIMP|Salim Ivomas Pratama Tbk.|15816310000|1581631000|4166800|4356200
SIPD|Sierad Produce Tbk.|1339102579|1339102579|0|257800
SKBM|Sekar Bumi Tbk.|1726003217|1726003217|0|0
SKLT|Sekar Laut Tbk.|690740500|690740500|0|0
SKYB|Skybee Tbk.|585000000|585000000|0|0
SMAR|Smart Tbk.|2872193366|2872193366|0|0
SMBR|Semen Baturaja (Persero) Tbk.|9837678500|9837678500|331000|561800
SMCB|Holcim Indonesia Tbk.|7662900000|7662900000|146300|153500
SMDM|Suryamas Dutamakmur Tbk.|4772138237|4772138237|0|0
SMDR|Samudera Indonesia  Tbk.|163756000|163756000|12000|0
SMGR|Semen Indonesia (Persero) Tbk.|5931520000|5931520000|9410600|13012683
SMMA|Sinarmas Multiartha Tbk.|6367664717|6367664717|0|100
SMMT|Golden Eagle Energy Tbk.|3150000000|3150000000|722900|10000
SMRA|Summarecon Agung Tbk.|14426781680|1442678168|6735800|10514118
SMRU|SMR Utama Tbk.|12499385782|1249938578|0|0
SMSM|Selamat Sempurna Tbk.|5758675440|5758675440|0|0
SOBI|Sorini Agro Asia Corporindo Tbk.|925211250|925211250|0|0
SOCI|Soechi Lines Tbk.|7059000000|7059000000|882200|0
SONA|Sona Topas Tourism Industry Tbk.|331200000|331200000|0|0
SPMA|Suparma Tbk.|2114570958|2114570958|0|0
SQBB|Taisho Pharmaceutical Indonesia Tbk.|9268000|9268000|0|0
SQBI|Taisho Pharmaceutical Indonesia Tbk.|972000|972000|0|0
SQMI|Renuka Coalindo Tbk.|301200000|301200000|100|0
SRAJ|Sejahteraraya Anugrahjaya Tbk.|10917783981|1091778398|0|0
SRIL|Sri Rejeki Isman Tbk.|18592888040|1859288804|52997300|6290700
SRSN|Indo Acidatama Tbk|6020000000|6020000000|0|0
SRTG|Saratoga Investama Sedaya Tbk.|2712967000|2712967000|10300|0
SSIA|Surya Semesta Internusa Tbk.|4705249440|4705249440|2171200|540300
SSMS|Sawit Sumbermas Sarana Tbk.|9525000000|9525000000|9140000|7001600
SSTM|Sunson Textile Manufacture Tbk|1170909181|1170909181|0|0
STAR|Star  Petrochem Tbk.|4800000602|4800000602|0|0
STTP|Siantar Top Tbk.|1310000000|1310000000|0|0
SUGI|Sugih Energy Tbk.|24811541414|2481154141|0|0
SULI|SLJ Global Tbk.|3111401022|3111401022|200000|2250000
SUPR|Solusi Tunas Pratama Tbk.|1137579698|1137579698|0|0
TALF|Tunas Alfin Tbk.|1353435000|1353435000|0|0
TARA|Sitara Propertindo Tbk.|10066037150|1006603715|2186800|0
TAXI|Express Transindo Utama Tbk.|2145600000|2145600000|103400|100000
TBIG|Tower Bersama Infrastructure Tbk.|4531399889|4531399889|4504400|4088380
TBLA|Tunas Baru Lampung Tbk.|5342098939|5342098939|352700|1791500
TBMS|Tembaga Mulia Semanan Tbk.|367340000|367340000|0|0
TCID|Mandom Indonesia Tbk.|201066667|201066667|0|0
TELE|Tiphone Mobile Indonesia Tbk.|7302194889|7302194889|4325400|5097200
TFCO|Tifico Fiber Indonesia Tbk.|4823076400|4823076400|0|0
TGKA|Tigaraksa Satria Tbk.|918492750|918492750|0|0
TIFA|Tifa Finance Tbk.|1079700000|1079700000|0|0
TINS|Timah (Persero) Tbk.|7447753454|7447753454|2514400|2525100
TIRA|Tira Austenite Tbk|588000000|588000000|0|0
TIRT|Tirta Mahakam Resources Tbk|1011774750|1011774750|0|0
TKGA|Permata Prima Sakti Tbk.|1012000000|1012000000|0|0
TKIM|Pabrik Kertas Tjiwi Kimia Tbk.|2671404547|2671404547|0|0
TLKM|Telekomunikasi Indonesia (Persero) Tbk.|100799996400|1007999964|142814731|122031802
TMAS|Pelayaran Tempuran Emas Tbk.|1141030000|1141030000|100000|0
TMPI|Sigmagold Inti Perkasa Tbk.|5502083747|5502083747|0|0
TMPO|Tempo Intimedia Tbk.|725000000|725000000|0|0
TOBA|Toba Bara Sejahtra Tbk.|2012491000|2012491000|0|0
TOTL|Total Bangun Persada Tbk.|3410000000|3410000000|190400|1399400
TOTO|Surya Toto Indonesia Tbk.|10320000000|1032000000|0|0
TOWR|Sarana Menara Nusantara Tbk.|10202925000|1020292500|134800|151100
TPIA|Chandra Asri Petrochemical Tbk.|3286962558|3286962558|127700|16000
TPMA|Trans Power Marine Tbk.|2633300000|2633300000|0|0
TRAM|Trada Maritime Tbk.|9731641746|9731641746|150000|1795000
TRIL|Triwira Insanlestari Tbk.|1200000000|1200000000|0|0
TRIM|Trimegah Sekuritas Indonesia Tbk.|7109300000|7109300000|709300|441000
TRIO|Trikomsel Oke Tbk.|4761500000|4761500000|0|0
TRIS|Trisula International Tbk.|1045732525|1045732525|0|0
TRST|Trias Sentosa Tbk.|2808000000|2808000000|0|0
TRUB|Truba Alam Manunggal Engineering Tbk.|15799456267|1579945626|0|0
TRUS|Trust Finance Indonesia Tbk|800000000|800000000|0|0
TSPC|Tempo Scan Pacific Tbk.|4500000000|4500000000|272100|250000
TURI|Tunas Ridean Tbk.|5580000000|5580000000|0|0
ULTJ|Ultra Jaya Milk Industry & Trading Compa|2888382000|2888382000|0|0
UNIC|Unggul Indah Cahaya Tbk.|383331363|383331363|0|0
UNIT|Nusantara Inti Corpora Tbk|75422200|75422200|0|0
UNSP|Bakrie Sumatra Plantations Tbk.|13720471386|1372047138|600000|37580000
UNTR|United Tractors Tbk.|3730135136|3730135136|1578900|2047293
UNVR|Unilever Indonesia Tbk.|7630000000|7630000000|851700|825041
VICO|Victoria Investama Tbk.|9150094680|9150094680|0|0
VINS|Victoria Insurance Tbk.|1450490500|1450490500|0|0
VIVA|Visi Media Asia Tbk.|16464270400|1646427040|150204100|150000000
VOKS|Voksel Electric Tbk.|831120519|831120519|0|104300
VRNA|Verena Multi Finance Tbk.|1002000352|1002000352|0|0
WAPO|Wahana Pronatural Tbk.|520000000|520000000|0|0
WEHA|WEHA Transportasi Indonesia Tbk.|886411265|886411265|0|0
WICO|Wicaksana Overseas International Tbk.|1268950977|1268950977|300000|300000
WIIM|Wismilak Inti Makmur Tbk.|2099873760|2099873760|0|0
WIKA|Wijaya Karya (Persero) Tbk.|8969951372|8969951372|2163700|3536300
WINS|Wintermar Offshore Marine Tbk.|4038011640|4038011640|0|0
WOMF|Wahana Ottomitra Multiartha Tbk.|3481481480|3481481480|0|0
WSBP|Waskita Beton Precast Tbk.|26361157534|2636115753|10007300|1197000
WSKT|Waskita Karya (Persero) Tbk.|13573709450|1357370945|9773072|2515359
WTON|Wijaya Karya Beton Tbk.|8715466600|8715466600|200|105300
XCID|DIRE Ciptadana Properti Ritel Indonesia|4000000000|4000000000|0|0
XIIC|Reksa Dana Premier ETF Indonesia Consume|115900000|115900000|0|0
XIIF|Reksa Dana Premier ETF Indonesia Financi|77500000|77500000|0|0
XIIT|Reksa Dana Premier ETF IDX30|348900000|348900000|0|0
XIJI|Reksa Dana Syariah Premier ETF JII|179700000|179700000|0|0
XISB|Reksa Dana Premier ETF Indonesia Soverei|2500000000|2500000000|0|0
XISC|Reksa Dana Premier ETF Indonesia Stated-|2964500000|2964500000|0|0
XISI|Premier ETF SMinfra18|196100000|196100000|0|0
XISR|Premier ETF SRI-KEHATI|135000000|135000000|0|0
XPLQ|Reksa Dana Pinnacle Enhanced Liquid ETF|94100000|94100000|0|0
YPAS|Yanaprima Hastapersada Tbk|668000089|668000089|0|0
YULE|Yulie Sekurindo Tbk|255000000|255000000|0|0
ZBRA|Zebra Nusantara Tbk|856133009|856133009|0|0
